"Date","Type","Transaction ID","Received Quantity","Received Currency","Received Currency Balance","Received Cost Basis (USD)","Received Wallet","Received Address","Received Tag","Received Comment","Sent Quantity","Sent Currency","Sent Currency Balance","Sent Cost Basis (USD)","Sent Wallet","Sent Address","Sent Tag","Sent Comment","Fee Amount","Fee Currency","Realized Return (USD)","Disabled"
12/12/2017 18:27:37,Buy,,0.56338723,LTC,...,...,Coinbase - LTC Wallet,,,Bought Litecoin Using Visa debit ********6305,200.00,USD,...,...,Coinbase - USD Wallet,,,Bought Litecoin Using Visa debit ********6305,5.85,USD,...,
12/13/2017 04:22:41,Buy,,0.30762244,LTC,...,...,Coinbase - LTC Wallet,,,Bought Litecoin Using Visa debit ********6305,100.00,USD,...,...,Coinbase - USD Wallet,,,Bought Litecoin Using Visa debit ********6305,3.41,USD,...,
12/13/2017 18:35:49,Buy,,0.01782139,BTC,...,...,Coinbase - BTC Wallet,,,Bought Bitcoin Using Visa debit ********6305,300.00,USD,...,...,Coinbase - USD Wallet,,,Bought Bitcoin Using Visa debit ********6305,9.26,USD,...,
12/15/2017 06:34:23,Buy,,0.14197607,ETH,...,...,Coinbase - ETH Wallet,,,Bought Ethereum Using Visa debit ********6305,100.00,USD,...,...,Coinbase - USD Wallet,,,Bought Ethereum Using Visa debit ********6305,3.41,USD,...,
12/21/2017 16:13:38,Buy,,0.00599276,BTC,...,...,Coinbase - BTC Wallet,,,Bought Bitcoin Using Visa debit ********6305,100.00,USD,...,...,Coinbase - USD Wallet,,,Bought Bitcoin Using Visa debit ********6305,3.41,USD,...,
12/31/2017 10:28:46,Send,,,,...,...,,,,,0.00894174,BTC,...,...,Coinbase - BTC Wallet,1Aw8fBYBnEKM2pGav7NueyUoYFDNToVByG,,Sent Bitcoin To Bitcoin address,0.00114174,BTC,...,
12/31/2017 10:53:15,Receive,,0.00780000,BTC,...,...,Binance - BTC,1Aw8fBYBnEKM2pGav7NueyUoYFDNToVByG,,,,,...,...,,,,,,,...,
12/31/2017 19:27:54,Trade,,25.00000000,MIOTA,...,...,Binance - MIOTA,,,,0.00653750,BTC,...,...,Binance - BTC,,,,0.02500000,MIOTA,...,
01/05/2018 09:03:18,Send,,,,...,...,,,,,0.01487241,BTC,...,...,Coinbase - BTC Wallet,1Aw8fBYBnEKM2pGav7NueyUoYFDNToVByG,,Sent Bitcoin To Bitcoin address,0.00108737,BTC,...,
01/05/2018 21:11:33,Receive,,0.01378504,BTC,...,...,Binance - BTC,1Aw8fBYBnEKM2pGav7NueyUoYFDNToVByG,,,,,...,...,,,,,,,...,
01/05/2018 22:13:01,Trade,,100.00000000,XLM,...,...,Binance - XLM,,,,0.00400000,BTC,...,...,Binance - BTC,,,,0.10000000,XLM,...,
01/09/2018 10:08:24,Trade,,52.00000000,POWR,...,...,Binance - POWR,,,,0.00551200,BTC,...,...,Binance - BTC,,,,0.05200000,POWR,...,
01/09/2018 13:16:31,Trade,,1.53000000,QTUM,...,...,Binance - QTUM,,,,0.00550800,BTC,...,...,Binance - BTC,,,,0.00153000,QTUM,...,
01/10/2018 07:55:45,Buy,,0.01396827,BTC,...,...,Coinbase - BTC Wallet,,,Bought Bitcoin Using Visa debit ********6305,206.00,USD,...,...,Coinbase - USD Wallet,,,Bought Bitcoin Using Visa debit ********6305,6.00,USD,...,
05/04/2018 02:28:02,Buy,,0.00995665,BTC,...,...,Coinbase - BTC Wallet,,,Bought Bitcoin Using Visa debit ********6305,100.00,USD,...,...,Coinbase - USD Wallet,,,Bought Bitcoin Using Visa debit ********6305,3.41,USD,...,
05/30/2018 13:31:50,Buy,,0.17440936,ETH,...,...,Coinbase - ETH Wallet,,,Bought Ethereum Using US Bank - Checking ********3939,100.00,USD,...,...,Coinbase - USD Wallet,,,Bought Ethereum Using US Bank - Checking ********3939,1.00,USD,...,
07/12/2018 01:01:06,Buy,,0.22115383,ETH,...,...,Coinbase - ETH Wallet,,,Bought Ethereum Using US Bank - Checking ********3939,100.00,USD,...,...,Coinbase - USD Wallet,,,Bought Ethereum Using US Bank - Checking ********3939,1.00,USD,...,
07/26/2018 03:55:03,Buy,,0.20298474,ETH,...,...,Coinbase - ETH Wallet,,,Bought Ethereum Using US Bank - Checking ********3939,100.00,USD,...,...,Coinbase - USD Wallet,,,Bought Ethereum Using US Bank - Checking ********3939,2.99,USD,...,
09/02/2018 20:19:59,Buy,,0.01325900,BTC,...,...,Coinbase - BTC Wallet,,,Bought Bitcoin Using US Bank - Checking ********3939,100.00,USD,...,...,Coinbase - USD Wallet,,,Bought Bitcoin Using US Bank - Checking ********3939,2.99,USD,...,
09/02/2018 20:20:24,Buy,,0.32961367,ETH,...,...,Coinbase - ETH Wallet,,,Bought Ethereum Using US Bank - Checking ********3939,100.00,USD,...,...,Coinbase - USD Wallet,,,Bought Ethereum Using US Bank - Checking ********3939,2.99,USD,...,
09/05/2018 12:05:38,Sell,,100.00,USD,...,...,Coinbase - USD Wallet,,,Sold Bitcoin Using USD Wallet,0.01479950,BTC,...,...,Coinbase - BTC Wallet,,,Sold Bitcoin Using USD Wallet,2.99,USD,...,
09/05/2018 12:05:54,Sell,,100.00,USD,...,...,Coinbase - USD Wallet,,,Sold Ethereum Using USD Wallet,0.40150325,ETH,...,...,Coinbase - ETH Wallet,,,Sold Ethereum Using USD Wallet,2.99,USD,...,
09/14/2018 05:04:47,Transfer,,200.00,USD,...,...,Coinbase Pro - USD,,,,200.00,USD,...,...,Coinbase - USD Wallet,,,Withdrew funds To US Bank - Checking ********3939,,,...,
09/14/2018 05:32:27,Receive,,200.00,USD,...,...,Coinbase - USD Wallet,,,Deposited funds From US Bank - Checking ********3939,,,...,...,,,,,,,...,
09/21/2018 05:32:31,Send,,,,...,...,,,,,200.00,USD,...,...,Coinbase - USD Wallet,,,Transferred funds To Coinbase Pro,,,...,
09/24/2018 06:41:37,Buy,,0.85106382,ETH,...,...,Coinbase Pro - ETH,,,,200.00,USD,...,...,Coinbase Pro - USD,,,,,,...,
09/24/2018 14:01:23,Transfer,02fea3242688a12939f9c5aa635f4cd553899f76db7c9f2892cc697642a7e3a4,0.85106382,ETH,...,...,Coinbase - ETH Wallet,,,Transferred Ethereum From Coinbase Pro,0.85106382,ETH,...,...,Coinbase Pro - ETH,0xb31b24cfdfc08d47b1c6fdfdca8c0f072395a1f2,,,,,...,
09/24/2018 14:01:23,Transfer,,0.85106382,ETH,...,...,Binance - ETH,0xb31b24cfdfc08d47b1c6fdfdca8c0f072395a1f2,,,0.85106382,ETH,...,...,Coinbase - ETH Wallet,0xb31b24CfDfc08d47B1c6FDfDCA8C0f072395A1f2,,Sent Ethereum To Ethereum address,0.00000000,ETH,...,
09/24/2018 20:09:06,Trade,,175.00000000,MIOTA,...,...,Binance - MIOTA,,,,0.42437500,ETH,...,...,Binance - ETH,,,,0.17500000,MIOTA,...,
09/24/2018 23:04:24,Trade,,377.00000000,XLM,...,...,Binance - XLM,,,,0.42601000,ETH,...,...,Binance - ETH,,,,0.37700000,XLM,...,
10/02/2018 22:29:34,Receive,,1800.00,USD,...,...,Coinbase Pro - USD,,,,,,...,...,,,,,,,...,
10/02/2018 22:29:35,Receive,,1800.00,USD,...,...,Coinbase - USD Wallet,,,Deposited funds From US Bank - Savings ********5401,,,...,...,,,,,,,...,
10/09/2018 22:29:57,Send,,,,...,...,,,,,1800.00,USD,...,...,Coinbase - USD Wallet,,,Transferred funds To Coinbase Pro,,,...,
10/14/2018 23:42:15,Buy,,0.52630000,ETH,...,...,Coinbase Pro - ETH,,,,100.00,USD,...,...,Coinbase Pro - USD,,,,,,...,
10/17/2018 18:07:50,Transfer,eb9519ed458351cca652376596ac69b46bbd72e617c4e8ccd09d59e2e52f08dc,0.52630000,ETH,...,...,Coinbase - ETH Wallet,,,Transferred Ethereum From Coinbase Pro,0.52630000,ETH,...,...,Coinbase Pro - ETH,0xb31b24cfdfc08d47b1c6fdfdca8c0f072395a1f2,,,,,...,
10/17/2018 18:07:51,Transfer,,0.52630000,ETH,...,...,Binance - ETH,0xb31b24cfdfc08d47b1c6fdfdca8c0f072395a1f2,,,0.52630000,ETH,...,...,Coinbase - ETH Wallet,0xb31b24CfDfc08d47B1c6FDfDCA8C0f072395A1f2,,Sent Ethereum To Ethereum address,0.00000000,ETH,...,
10/18/2018 15:07:55,Buy,,1.00000000,ETH,...,...,Coinbase Pro - ETH,,,,200.00,USD,...,...,Coinbase Pro - USD,,,,,,...,
10/24/2018 16:31:14,Transfer,7b9eae62afd3db1158b7ea74df46b9697095f4f018e8497c9dfcc2194d338644,1.00000000,ETH,...,...,Coinbase - ETH Wallet,,,Transferred Ethereum From Coinbase Pro,1.00000000,ETH,...,...,Coinbase Pro - ETH,0xb31b24cfdfc08d47b1c6fdfdca8c0f072395a1f2,,,,,...,
10/24/2018 16:31:14,Transfer,,1.00000000,ETH,...,...,Binance - ETH,0xb31b24cfdfc08d47b1c6fdfdca8c0f072395a1f2,,,1.00000000,ETH,...,...,Coinbase - ETH Wallet,0xb31b24CfDfc08d47B1c6FDfDCA8C0f072395A1f2,,Sent Ethereum To Ethereum address,0.00000000,ETH,...,
10/25/2018 02:03:42,Buy,,2.00000000,ETH,...,...,Coinbase Pro - ETH,,,,400.00,USD,...,...,Coinbase Pro - USD,,,,,,...,
10/25/2018 02:09:27,Buy,,0.10000000,BTC,...,...,Coinbase Pro - BTC,,,,640.00,USD,...,...,Coinbase Pro - USD,,,,,,...,
10/25/2018 08:13:51,Trade,,326.00000000,XLM,...,...,Binance - XLM,,,,0.38142000,ETH,...,...,Binance - ETH,,,,0.32600000,XLM,...,
10/26/2018 08:48:59,Trade,,118.00000000,MIOTA,...,...,Binance - MIOTA,,,,0.28438000,ETH,...,...,Binance - ETH,,,,0.11800000,MIOTA,...,
11/08/2018 02:41:06,Buy,,1.00000000,ETH,...,...,Coinbase Pro - ETH,,,,215.00,USD,...,...,Coinbase Pro - USD,,,,,,...,
11/08/2018 23:52:49,Buy,,1.16668096,ETH,...,...,Coinbase Pro - ETH,,,,245.00,USD,...,...,Coinbase Pro - USD,,,,,,...,
11/13/2018 07:16:51,Trade,,168.00000000,XLM,...,...,Binance - XLM,,,,0.21420000,ETH,...,...,Binance - ETH,,,,0.16800000,XLM,...,
11/23/2018 08:50:17,Transfer,a6cc171970c443f7f8027cdef734e531714682b1d45b150393da7aad3ea50fb7,4.16668096,ETH,...,...,Coinbase - ETH Wallet,,,Transferred Ethereum From Coinbase Pro,4.16668096,ETH,...,...,Coinbase Pro - ETH,0xb31b24CfDfc08d47B1c6FDfDCA8C0f072395A1f2,,,,,...,
11/23/2018 08:50:18,Transfer,,4.16668096,ETH,...,...,Binance - ETH,0xb31b24cfdfc08d47b1c6fdfdca8c0f072395a1f2,,,4.16668096,ETH,...,...,Coinbase - ETH Wallet,0xb31b24CfDfc08d47B1c6FDfDCA8C0f072395A1f2,,Sent Ethereum To Ethereum address,0.00000000,ETH,...,
11/28/2018 05:39:06,Trade,,187.00000000,XLM,...,...,Binance - XLM,,,,0.24933271,ETH,...,...,Binance - ETH,,,,0.18700000,XLM,...,
11/28/2018 06:48:56,Trade,,100.00000000,MIOTA,...,...,Binance - MIOTA,,,,0.25000000,ETH,...,...,Binance - ETH,,,,0.10000000,MIOTA,...,
04/30/2019 14:23:56,Receive,,20.15875020,XLM,...,...,Coinbase - XLM Wallet,,Payment,Received Stellar Lumens From Coinbase Earn,,,...,...,,,,,,,...,
04/30/2019 14:24:25,Receive,,20.15377330,XLM,...,...,Coinbase - XLM Wallet,,Payment,Received Stellar Lumens From Coinbase Earn,,,...,...,,,,,,,...,
04/30/2019 14:25:58,Receive,,20.14869740,XLM,...,...,Coinbase - XLM Wallet,,Payment,Received Stellar Lumens From Coinbase Earn,,,...,...,,,,,,,...,
04/30/2019 14:26:30,Receive,,20.14971240,XLM,...,...,Coinbase - XLM Wallet,,Payment,Received Stellar Lumens From Coinbase Earn,,,...,...,,,,,,,...,
04/30/2019 14:29:24,Receive,,20.13835050,XLM,...,...,Coinbase - XLM Wallet,,Payment,Received Stellar Lumens From Coinbase Earn,,,...,...,,,,,,,...,
04/30/2019 14:34:07,Receive,,2.56275876,BAT,...,...,Coinbase - BAT Wallet,,Payment,Received Basic Attention Token From Coinbase Earn,,,...,...,,,,,,,...,
04/30/2019 14:34:35,Receive,,2.56290326,BAT,...,...,Coinbase - BAT Wallet,,Payment,Received Basic Attention Token From Coinbase Earn,,,...,...,,,,,,,...,
04/30/2019 14:35:03,Receive,,2.56487861,BAT,...,...,Coinbase - BAT Wallet,,Payment,Received Basic Attention Token From Coinbase Earn,,,...,...,,,,,,,...,
04/30/2019 14:35:11,Receive,,17.95415023,BAT,...,...,Coinbase - BAT Wallet,,Payment,Received Basic Attention Token From Coinbase Earn,,,...,...,,,,,,,...,
06/27/2019 04:50:08,Transfer,,4.30432707,ETH,...,...,Coinbase - ETH Wallet,,,Received Ethereum From Ethereum address,4.30432707,ETH,...,...,Binance - ETH,0x87B31Afbe20E02e9878FB93C2eCBbeC452CEbbE8,,,,,...,
06/27/2019 04:51:52,Trade,,0.14491272,ETH,...,...,Binance - ETH,,,,111.00000000,MIOTA,...,...,Binance - MIOTA,,,,0.00014491,ETH,...,
06/27/2019 04:51:52,Trade,,0.24935050,ETH,...,...,Binance - ETH,,,,191.00000000,MIOTA,...,...,Binance - MIOTA,,,,0.00024935,ETH,...,
06/27/2019 04:51:52,Trade,,0.15011295,ETH,...,...,Binance - ETH,,,,115.00000000,MIOTA,...,...,Binance - MIOTA,,,,0.00015011,ETH,...,
06/27/2019 04:56:28,Transfer,,0.53383180,ETH,...,...,Coinbase - ETH Wallet,,,Received Ethereum From Ethereum address,0.53383180,ETH,...,...,Binance - ETH,0x87B31Afbe20E02e9878FB93C2eCBbeC452CEbbE8,,,,,...,
06/27/2019 04:57:02,Transfer,0894ba31504682230ded4eaa6f80b38493bc2c8f9e009f8889ffe3872a975f56,4.30432707,ETH,...,...,Coinbase Pro - ETH,,,,4.30432707,ETH,...,...,Coinbase - ETH Wallet,,,Transferred Ethereum To Coinbase Pro,,,...,
06/27/2019 05:05:47,Transfer,edcc910eb6ed919fe56525c6f82f3b7cc068c1d86ee66bde295f50ca49f90793,0.53383180,ETH,...,...,Coinbase Pro - ETH,,,,0.53383180,ETH,...,...,Coinbase - ETH Wallet,,,Transferred Ethereum To Coinbase Pro,,,...,
07/10/2019 03:59:12,Transfer,,1156.83200000,XLM,...,...,Coinbase - XLM Wallet,,,Received Stellar Lumens From Stellar Lumens address,1156.83200000,XLM,...,...,Binance - XLM,GDQP2KPQGKIHYJGXNUIYOMHARUARCA7DJT5FO2FFOOKY3B2WSQHG4W37,,,,,...,
07/10/2019 03:59:47,Transfer,352a13cbec875ff3edf8fe942509b5d4198b67aa2d57087c6b71262d45168eeb,1156.83200000,XLM,...,...,Coinbase Pro - XLM,,,,1156.83200000,XLM,...,...,Coinbase - XLM Wallet,,,Transferred Stellar Lumens To Coinbase Pro,,,...,
02/06/2020 05:08:18,Trade,,0.00039967,BTC,...,...,Binance - BTC,,,,1.56000000,QTUM,...,...,Binance - QTUM,,,,0.00000040,BTC,...,
02/06/2020 05:11:46,Trade,,0.00027336,BTC,...,...,Binance - BTC,,,,51.00000000,POWR,...,...,Binance - POWR,,,,0.00000027,BTC,...,
02/06/2020 05:20:40,Trade,,0.00651293,BTC,...,...,Coinbase - BTC Wallet,,,Converted from Litecoin Using LTC Wallet,0.87100967,LTC,...,...,Coinbase - LTC Wallet,,,Converted from Litecoin Using LTC Wallet,,,...,
02/12/2020 19:04:40,Sell,,293.33,USD,...,...,Coinbase - USD Wallet,,,Sold Bitcoin Using USD Wallet,0.02889667,BTC,...,...,Coinbase - BTC Wallet,,,Sold Bitcoin Using USD Wallet,4.44,USD,...,
02/12/2020 19:05:11,Sell,,174.63,USD,...,...,Coinbase - USD Wallet,,,Sold Ethereum Using USD Wallet,0.66863442,ETH,...,...,Coinbase - ETH Wallet,,,Sold Ethereum Using USD Wallet,2.99,USD,...,
02/12/2020 19:06:17,Send,,,,...,...,,,,,467.96,USD,...,...,Coinbase - USD Wallet,,,Withdrew funds To US Bank - Savings ********5401,,,...,
02/18/2020 01:30:16,Transfer,262e628ec96b022d52bc5e52e306cf8fa278df83d2a7780c28d69784e8d19c32,0.10000000,BTC,...,...,Coinbase - BTC Wallet,,,Transferred Bitcoin From Coinbase Pro,0.10000000,BTC,...,...,Coinbase Pro - BTC,bc1qm42h4key3w92tdsqt76ghspu99c9sgf7gp7e55,,,,,...,
02/18/2020 01:30:17,Send,,,,...,...,,,,,0.10000000,BTC,...,...,Coinbase - BTC Wallet,bc1qm42h4key3w92tdsqt76ghspu99c9sgf7gp7e55,,Sent Bitcoin To Bitcoin address,0.00000000,BTC,...,
02/18/2020 01:31:44,Transfer,b9c9044c51ef88fb65ed28a1c1b9f7c55a00b4cfd0542cab17514f7116aca8ad,4.83815887,ETH,...,...,Coinbase - ETH Wallet,,,Transferred Ethereum From Coinbase Pro,4.83815887,ETH,...,...,Coinbase Pro - ETH,0xb53eFe6ded3a59c2cb6A2AF1B1AD0ffF7bC8859C,,,,,...,
02/18/2020 01:31:45,Transfer,b9c9044c51ef88fb65ed28a1c1b9f7c55a00b4cfd0542cab17514f7116aca8ad,4.83815887,ETH,...,...,ETH Wallet ...C8859C - ETH,0xb53eFe6ded3a59c2cb6A2AF1B1AD0ffF7bC8859C,,,4.83815887,ETH,...,...,Coinbase - ETH Wallet,0xb53eFe6ded3a59c2cb6A2AF1B1AD0ffF7bC8859C,,Sent Ethereum To Ethereum address,0.00000000,ETH,...,
03/12/2020 13:52:46,Receive,,1000.00,USD,...,...,Coinbase Pro - USD,,,,,,...,...,,,,,,,...,
03/12/2020 13:52:48,Receive,,1000.00,USD,...,...,Coinbase - USD Wallet,,,Deposited funds From Wells Fargo - CHECKING ******1534,,,...,...,,,,,,,...,
03/18/2020 13:52:51,Send,,,,...,...,,,,,1000.00,USD,...,...,Coinbase - USD Wallet,,,Transferred funds To Coinbase Pro,,,...,
03/20/2020 13:13:47,Buy,,0.00242324,BTC,...,...,Coinbase Pro - BTC,,,,15.95,USD,...,...,Coinbase Pro - USD,,,,0.08,USD,...,
03/20/2020 13:16:31,Buy,,0.02799220,BTC,...,...,Coinbase Pro - BTC,,,,184.27,USD,...,...,Coinbase Pro - USD,,,,0.92,USD,...,
03/20/2020 13:16:38,Buy,,0.01958456,BTC,...,...,Coinbase Pro - BTC,,,,128.92,USD,...,...,Coinbase Pro - USD,,,,0.64,USD,...,
03/20/2020 20:21:52,Buy,,0.05000000,BTC,...,...,Coinbase Pro - BTC,,,,301.50,USD,...,...,Coinbase Pro - USD,,,,1.50,USD,...,
03/24/2020 15:10:14,Buy,,0.05654228,BTC,...,...,Coinbase Pro - BTC,,,,369.36,USD,...,...,Coinbase Pro - USD,,,,1.84,USD,...,
03/25/2020 13:38:10,Receive,,1000.00,USD,...,...,Coinbase Pro - USD,,,,,,...,...,,,,,,,...,
03/25/2020 13:38:11,Receive,,1000.00,USD,...,...,Coinbase - USD Wallet,,,Deposited funds From Wells Fargo - CHECKING ******1534,,,...,...,,,,,,,...,
03/31/2020 13:38:11,Send,,,,...,...,,,,,1000.00,USD,...,...,Coinbase - USD Wallet,,,Transferred funds To Coinbase Pro,,,...,
03/31/2020 14:42:17,Buy,,0.05000000,BTC,...,...,Coinbase Pro - BTC,,,,325.12,USD,...,...,Coinbase Pro - USD,,,,1.62,USD,...,
03/31/2020 15:19:06,Buy,,0.05000000,BTC,...,...,Coinbase Pro - BTC,,,,324.11,USD,...,...,Coinbase Pro - USD,,,,1.61,USD,...,
04/24/2020 06:42:29,Transfer,74590baed6a18aeb3c4bfe3dec25d2d04067953511634865e0ecbde138e5fe1a,0.25654228,BTC,...,...,Coinbase - BTC Wallet,,,Transferred Bitcoin From Coinbase Pro,0.25654228,BTC,...,...,Coinbase Pro - BTC,bc1q7uvvj5fkc8vncf04e7dh9fuqvp2jstjtrwg68a,,,,,...,
04/24/2020 06:42:30,Send,,,,...,...,,,,,0.25654228,BTC,...,...,Coinbase - BTC Wallet,bc1q7uvvj5fkc8vncf04e7dh9fuqvp2jstjtrwg68a,,Sent Bitcoin To Bitcoin address,0.00000000,BTC,...,
07/09/2020 16:57:42,Receive,,0.35647928,BTC,...,...,Coinbase - BTC Wallet,,,Received Bitcoin From Bitcoin address,,,...,...,,,,,,,...,
07/09/2020 21:23:40,Sell,,51.71,USD,...,...,Coinbase Pro - USD,,,,556.00000000,XLM,...,...,Coinbase Pro - XLM,,,,0.26,USD,...,
07/09/2020 21:23:40,Sell,,18.60,USD,...,...,Coinbase Pro - USD,,,,200.00000000,XLM,...,...,Coinbase Pro - XLM,,,,0.09,USD,...,
07/09/2020 21:54:23,Transfer,0f54d0607a37e0cb4e1f73358193c19620b1028b5ad4cd7975de59b6a2ca575a,0.35647928,BTC,...,...,Coinbase Pro - BTC,,,,0.35647928,BTC,...,...,Coinbase - BTC Wallet,,,Transferred Bitcoin To Coinbase Pro,,,...,
07/11/2020 00:52:08,Sell,,18.80,USD,...,...,Coinbase Pro - USD,,,,200.00000000,XLM,...,...,Coinbase Pro - XLM,,,,0.09,USD,...,
07/11/2020 00:53:00,Sell,,19.00,USD,...,...,Coinbase Pro - USD,,,,200.00000000,XLM,...,...,Coinbase Pro - XLM,,,,0.10,USD,...,
07/14/2020 20:39:48,Sell,,927.50,USD,...,...,Coinbase Pro - USD,,,,0.10000000,BTC,...,...,Coinbase Pro - BTC,,,,4.64,USD,...,
07/21/2020 07:43:58,Sell,,930.00,USD,...,...,Coinbase Pro - USD,,,,0.10000000,BTC,...,...,Coinbase Pro - BTC,,,,4.65,USD,...,
07/21/2020 07:44:13,Sell,,932.50,USD,...,...,Coinbase Pro - USD,,,,0.10000000,BTC,...,...,Coinbase Pro - BTC,,,,4.66,USD,...,
07/21/2020 07:44:25,Sell,,528.08,USD,...,...,Coinbase Pro - USD,,,,0.05647928,BTC,...,...,Coinbase Pro - BTC,,,,2.64,USD,...,
07/28/2020 19:19:53,Transfer,,3759.82,USD,...,...,Coinbase - USD Wallet,,,Transferred funds From Coinbase Pro,3759.82,USD,...,...,Coinbase Pro - USD,,,,,,...,
07/28/2020 19:19:54,Send,,,,...,...,,,,,3759.82,USD,...,...,Coinbase - USD Wallet,,,Withdrew funds To Wells Fargo - CHECKING ******1534,,,...,
12/16/2020 07:52:07,Receive,,10.00,USD,...,...,Coinbase - USD Wallet,,,Deposited funds From US Bank - Savings ********5401,,,...,...,,,,,,,...,
12/16/2020 07:52:09,Transfer,,10.00,USD,...,...,Coinbase Pro - USD,,,,10.00,USD,...,...,Coinbase - USD Wallet,,,Transferred funds To Coinbase Pro,,,...,
12/16/2020 07:57:52,Buy,,0.01701275,ETH,...,...,Coinbase Pro - ETH,,,,10.00,USD,...,...,Coinbase Pro - USD,,,,0.05,USD,...,
12/21/2020 05:50:14,Receive,ca625b86f7c34ed42b145bfb8cb025f690ba178c407e14c2c98e2461f4a2cd06,0.00500000,ETH,...,...,ETH Wallet ...C8859C - ETH,0xb53eFe6ded3a59c2cb6A2AF1B1AD0ffF7bC8859C,,,,,...,...,,,,,,,...,
12/21/2020 06:07:16,Transfer,0be825f4e9aaeb39a8aa6fc8dfe4418e46397ff57cd61a3d9f571c1bfb82705d,3.83000000,ETH,...,...,Coinbase - ETH Wallet,,,Received Ethereum From Ethereum address,3.83000000,ETH,...,...,ETH Wallet ...C8859C - ETH,0xb53eFe6ded3a59c2cb6A2AF1B1AD0ffF7bC8859C,,,0.00063000,ETH,...,
12/21/2020 06:13:21,Transfer,0be825f4e9aaeb39a8aa6fc8dfe4418e46397ff57cd61a3d9f571c1bfb82705d,3.83000000,ETH,...,...,Coinbase Pro - ETH,,,,3.83000000,ETH,...,...,Coinbase - ETH Wallet,,,Transferred Ethereum To Coinbase Pro,,,...,
12/21/2020 06:24:53,Sell,,59.56,USD,...,...,Coinbase Pro - USD,,,,0.09306478,ETH,...,...,Coinbase Pro - ETH,,,,0.30,USD,...,
12/21/2020 06:24:53,Sell,,27.89,USD,...,...,Coinbase Pro - USD,,,,0.04358466,ETH,...,...,Coinbase Pro - ETH,,,,0.14,USD,...,
12/21/2020 06:24:53,Sell,,49.75,USD,...,...,Coinbase Pro - USD,,,,0.07773631,ETH,...,...,Coinbase Pro - ETH,,,,0.25,USD,...,
12/21/2020 06:24:53,Sell,,23.40,USD,...,...,Coinbase Pro - USD,,,,0.03656076,ETH,...,...,Coinbase Pro - ETH,,,,0.12,USD,...,
12/21/2020 06:24:54,Sell,,392.20,USD,...,...,Coinbase Pro - USD,,,,0.61280791,ETH,...,...,Coinbase Pro - ETH,,,,1.96,USD,...,
12/21/2020 06:24:57,Sell,,29.69,USD,...,...,Coinbase Pro - USD,,,,0.04639303,ETH,...,...,Coinbase Pro - ETH,,,,0.15,USD,...,
12/21/2020 06:25:00,Sell,,57.51,USD,...,...,Coinbase Pro - USD,,,,0.08985255,ETH,...,...,Coinbase Pro - ETH,,,,0.29,USD,...,
12/26/2020 20:38:15,Sell,,650.00,USD,...,...,Coinbase Pro - USD,,,,1.00000000,ETH,...,...,Coinbase Pro - ETH,,,,3.25,USD,...,
01/03/2021 22:45:25,Sell,,1000.00,USD,...,...,Coinbase Pro - USD,,,,1.00000000,ETH,...,...,Coinbase Pro - ETH,,,,5.00,USD,...,
04/08/2021 18:17:06,Buy,,0.00171948,BTC,...,...,Coinbase Pro - BTC,,,,100.00,USD,...,...,Coinbase Pro - USD,,,,0.50,USD,...,
04/20/2021 00:23:24,Buy,,0.00200000,BTC,...,...,Coinbase Pro - BTC,,,,110.55,USD,...,...,Coinbase Pro - USD,,,,0.55,USD,...,
04/23/2021 01:13:14,Buy,,0.00250000,BTC,...,...,Coinbase Pro - BTC,,,,128.14,USD,...,...,Coinbase Pro - USD,,,,0.64,USD,...,
04/23/2021 01:16:47,Buy,,0.05000000,ETH,...,...,Coinbase Pro - ETH,,,,118.09,USD,...,...,Coinbase Pro - USD,,,,0.59,USD,...,
04/23/2021 09:20:32,Buy,,0.00250000,BTC,...,...,Coinbase Pro - BTC,,,,121.35,USD,...,...,Coinbase Pro - USD,,,,0.60,USD,...,
04/23/2021 09:39:43,Buy,,0.05000000,ETH,...,...,Coinbase Pro - ETH,,,,108.99,USD,...,...,Coinbase Pro - USD,,,,0.54,USD,...,
05/04/2021 08:23:39,Buy,,50.00000000,USDC,...,...,Coinbase - USDC Wallet,,,Bought USD Coin Using Wells Fargo - CHECKING ******1534,50.00,USD,...,...,Coinbase - USD Wallet,,,Bought USD Coin Using Wells Fargo - CHECKING ******1534,,,...,
05/04/2021 08:27:36,Buy,,1591.43000000,USDC,...,...,Coinbase Pro - USDC,,,,1591.43,USD,...,...,Coinbase Pro - USD,,,,,,...,
05/04/2021 08:36:38,Transfer,4c5d9a1732ece1825ecce384f3bb60485094cd9546e96303658195dfa4fcb255,0.30090300,ETH,...,...,Coinbase - ETH Wallet,,,Transferred Ethereum From Coinbase Pro,0.30090300,ETH,...,...,Coinbase Pro - ETH,0xe41358c021479352336d2005ec0745790ae23633,,,0.00090300,ETH,...,
05/04/2021 08:36:40,Send,,,,...,...,,,,,0.30090300,ETH,...,...,Coinbase - ETH Wallet,0xE41358C021479352336D2005eC0745790aE23633,,Sent Ethereum To Ethereum address,0.00090300,ETH,...,
05/04/2021 08:38:04,Transfer,70e0b8b7dc60f331e5ea654f1f74d705ccc7cda5cba724dc3b6d3978360c1159,1002.98368800,USDC,...,...,Coinbase - USDC Wallet,,,Transferred USD Coin From Coinbase Pro,1002.98368800,USDC,...,...,Coinbase Pro - USDC,0xe41358c021479352336d2005ec0745790ae23633,,,2.98368800,USDC,...,
05/04/2021 08:38:05,Send,,,,...,...,,,,,1002.98368800,USDC,...,...,Coinbase - USDC Wallet,0xE41358C021479352336D2005eC0745790aE23633,,Sent USD Coin To USD Coin address,2.98368800,USDC,...,
05/04/2021 13:50:12,Trade,,0.00200000,BTC,...,...,Coinbase Pro - BTC,,,,111.55500000,USDC,...,...,Coinbase Pro - USDC,,,,0.55500000,USDC,...,
05/10/2021 18:45:54,Sell,,165.20,USD,...,...,Coinbase Pro - USD,,,,0.04000000,ETH,...,...,Coinbase Pro - ETH,,,,0.83,USD,...,
05/11/2021 00:05:45,Trade,,0.00035118,BTC,...,...,Coinbase - BTC Wallet,,,Converted from Stellar Lumens Using XLM Wallet,30.56276750,XLM,...,...,Coinbase - XLM Wallet,,,Converted from Stellar Lumens Using XLM Wallet,,,...,
05/11/2021 00:06:06,Trade,,0.00035168,BTC,...,...,Coinbase - BTC Wallet,,,Converted from Basic Attention Token Using BAT Wallet,15.26419847,BAT,...,...,Coinbase - BAT Wallet,,,Converted from Basic Attention Token Using BAT Wallet,,,...,
05/11/2021 23:52:47,Sell,,166.80,USD,...,...,Coinbase Pro - USD,,,,0.04000000,ETH,...,...,Coinbase Pro - ETH,,,,0.83,USD,...,
05/12/2021 00:56:40,Sell,,168.00,USD,...,...,Coinbase Pro - USD,,,,0.04000000,ETH,...,...,Coinbase Pro - ETH,,,,0.84,USD,...,
05/12/2021 14:20:29,Trade,,0.00084193,BTC,...,...,Coinbase - BTC Wallet,,,Converted from USD Coin Using USDC Wallet,50.00000000,USDC,...,...,Coinbase - USDC Wallet,,,Converted from USD Coin Using USDC Wallet,0.00003500,BTC,...,
05/13/2021 20:15:52,Sell,,370.00,USD,...,...,Coinbase Pro - USD,,,,0.10000000,ETH,...,...,Coinbase Pro - ETH,,,,1.85,USD,...,
05/17/2021 03:24:07,Buy,,0.05000000,ETH,...,...,Coinbase Pro - ETH,,,,165.82,USD,...,...,Coinbase Pro - USD,,,,0.82,USD,...,
05/17/2021 17:12:34,Buy,,50.00000000,ADA,...,...,Coinbase Pro - ADA,,,,100.50,USD,...,...,Coinbase Pro - USD,,,,0.50,USD,...,
05/17/2021 17:45:13,Sell,,320.50,USD,...,...,Coinbase Pro - USD,,,,0.10000000,ETH,...,...,Coinbase Pro - ETH,,,,1.60,USD,...,
05/17/2021 18:33:02,Sell,,330.00,USD,...,...,Coinbase Pro - USD,,,,0.10000000,ETH,...,...,Coinbase Pro - ETH,,,,1.65,USD,...,
05/17/2021 19:20:54,Sell,,340.00,USD,...,...,Coinbase Pro - USD,,,,0.10000000,ETH,...,...,Coinbase Pro - ETH,,,,1.70,USD,...,
05/18/2021 04:43:19,Sell,,350.00,USD,...,...,Coinbase Pro - USD,,,,0.10000000,ETH,...,...,Coinbase Pro - ETH,,,,1.75,USD,...,
05/19/2021 05:53:06,Sell,,476.89,USD,...,...,Coinbase Pro - USD,,,,476.89000000,USDC,...,...,Coinbase Pro - USDC,,,,,,...,
05/19/2021 05:55:45,Transfer,,2410.02,USD,...,...,Coinbase - USD Wallet,,,Transferred funds From Coinbase Pro,2410.02,USD,...,...,Coinbase Pro - USD,,,,,,...,
05/19/2021 05:55:47,Send,,,,...,...,,,,,2410.02,USD,...,...,Coinbase - USD Wallet,,,Withdrew funds To US Bank - Savings ********5401,,,...,
05/20/2021 00:57:42,Transfer,21352f6fa76a10880c992bec599356755661ee2a073a3ce4d44c62ab966565d7,0.04980900,ETH,...,...,Coinbase - ETH Wallet,,,Transferred Ethereum From Coinbase Pro,0.04980900,ETH,...,...,Coinbase Pro - ETH,0x1Fc9F96748aC6f36bEA9184549656550f6734E45,,,0.00480900,ETH,...,
05/20/2021 00:57:43,Send,,,,...,...,,,,,0.04980900,ETH,...,...,Coinbase - ETH Wallet,0x1Fc9F96748aC6f36bEA9184549656550f6734E45,,Sent Ethereum To Ethereum address,0.00480900,ETH,...,
06/02/2021 17:21:20,Receive,,0.00169400,USDC,...,...,Coinbase - USDC Wallet,,,USD Coin reward From Coinbase,,,...,...,,,,,,,...,
06/04/2021 08:20:05,Buy,,265.47679644,DOGE,...,...,Coinbase - DOGE Wallet,,,Bought Dogecoin Using Wells Fargo - CHECKING ******1534,100.00,USD,...,...,Coinbase - USD Wallet,,,Bought Dogecoin Using Wells Fargo - CHECKING ******1534,,,...,
06/12/2021 15:20:39,Receive,,0.01003614,COMP,...,...,Coinbase - COMP Wallet,,Payment,Received Compound From Coinbase Earn,,,...,...,,,,,,,...,
06/12/2021 15:21:08,Receive,,0.01001670,COMP,...,...,Coinbase - COMP Wallet,,Payment,Received Compound From Coinbase Earn,,,...,...,,,,,,,...,
06/12/2021 15:21:28,Receive,,0.01001035,COMP,...,...,Coinbase - COMP Wallet,,Payment,Received Compound From Coinbase Earn,,,...,...,,,,,,,...,
07/12/2021 17:41:57,Receive,,1000.00,USD,...,...,Coinbase - USD Wallet,,,Deposited funds From Wells Fargo - CHECKING ******1534,,,...,...,,,,,,,...,
07/12/2021 17:41:59,Transfer,,1000.00,USD,...,...,Coinbase Pro - USD,,,,1000.00,USD,...,...,Coinbase - USD Wallet,,,Transferred funds To Coinbase Pro,,,...,
07/12/2021 18:56:24,Buy,,0.00600000,BTC,...,...,Coinbase Pro - BTC,,,,198.99,USD,...,...,Coinbase Pro - USD,,,,0.99,USD,...,
07/12/2021 19:34:49,Buy,,75.00000000,ADA,...,...,Coinbase Pro - ADA,,,,97.99,USD,...,...,Coinbase Pro - USD,,,,0.49,USD,...,
07/13/2021 05:15:40,Buy,,0.10000000,ETH,...,...,Coinbase Pro - ETH,,,,201.00,USD,...,...,Coinbase Pro - USD,,,,1.00,USD,...,
07/28/2021 15:57:08,Buy,,0.05000000,ETH,...,...,Coinbase Pro - ETH,,,,115.07,USD,...,...,Coinbase Pro - USD,,,,0.57,USD,...,
07/28/2021 17:35:50,Buy,,0.00300000,BTC,...,...,Coinbase Pro - BTC,,,,118.79,USD,...,...,Coinbase Pro - USD,,,,0.59,USD,...,
07/29/2021 01:22:38,Buy,,75.00000000,ADA,...,...,Coinbase Pro - ADA,,,,94.97,USD,...,...,Coinbase Pro - USD,,,,0.47,USD,...,
08/12/2021 16:23:11,Buy,,0.05744168,ETH,...,...,Coinbase Pro - ETH,,,,173.19,USD,...,...,Coinbase Pro - USD,,,,0.86,USD,...,
08/13/2021 05:20:22,Receive,,600.00,USD,...,...,Coinbase - USD Wallet,,,Deposited funds From US Bank - Savings ********5401,,,...,...,,,,,,,...,
08/13/2021 05:20:24,Transfer,,600.00,USD,...,...,Coinbase Pro - USD,,,,600.00,USD,...,...,Coinbase - USD Wallet,,,Transferred funds To Coinbase Pro,,,...,
08/17/2021 20:00:18,Buy,,0.01500000,ETH,...,...,Coinbase Pro - ETH,,,,46.73,USD,...,...,Coinbase Pro - USD,,,,0.23,USD,...,
08/17/2021 20:15:16,Buy,,0.00100000,BTC,...,...,Coinbase Pro - BTC,,,,45.23,USD,...,...,Coinbase Pro - USD,,,,0.23,USD,...,
08/18/2021 00:44:29,Buy,,30.00000000,ADA,...,...,Coinbase Pro - ADA,,,,57.28,USD,...,...,Coinbase Pro - USD,,,,0.28,USD,...,
08/26/2021 05:47:02,Buy,,50.00000000,ADA,...,...,Coinbase Pro - ADA,,,,130.65,USD,...,...,Coinbase Pro - USD,,,,0.65,USD,...,
09/09/2021 12:37:50,Buy,,0.00400000,BTC,...,...,Coinbase Pro - BTC,,,,184.12,USD,...,...,Coinbase Pro - USD,,,,0.92,USD,...,
09/09/2021 12:39:12,Buy,,0.02391616,ETH,...,...,Coinbase Pro - ETH,,,,81.72,USD,...,...,Coinbase Pro - USD,,,,0.41,USD,...,
09/23/2021 05:36:25,Receive,,2000.00,USD,...,...,Coinbase - USD Wallet,,,Deposited funds From Wells Fargo - CHECKING ******1534,,,...,...,,,,,,,...,
09/23/2021 05:36:27,Transfer,,2000.00,USD,...,...,Coinbase Pro - USD,,,,2000.00,USD,...,...,Coinbase - USD Wallet,,,Transferred funds To Coinbase Pro,,,...,
09/24/2021 09:05:42,Buy,,0.07000000,ETH,...,...,Coinbase Pro - ETH,,,,211.05,USD,...,...,Coinbase Pro - USD,,,,1.05,USD,...,
09/24/2021 09:56:30,Buy,,0.00500000,BTC,...,...,Coinbase Pro - BTC,,,,213.56,USD,...,...,Coinbase Pro - USD,,,,1.06,USD,...,
10/01/2021 11:48:48,Receive,,10000.00,USD,...,...,Coinbase - USD Wallet,,,Deposited funds From US Bank - Savings ********5401,,,...,...,,,,,,,...,
10/01/2021 11:48:50,Transfer,,10000.00,USD,...,...,Coinbase Pro - USD,,,,10000.00,USD,...,...,Coinbase - USD Wallet,,,Transferred funds To Coinbase Pro,,,...,
10/01/2021 12:24:40,Buy,,11374.38000000,USDC,...,...,Coinbase Pro - USDC,,,,11374.38,USD,...,...,Coinbase Pro - USD,,,,,,...,
10/01/2021 12:26:21,Transfer,e6ee051fd326357f80aed6b552bef729dc044bdd3caa7bc8114d2407a5d8a7a9,4003.34132800,USDC,...,...,Coinbase - USDC Wallet,,,Transferred USD Coin From Coinbase Pro,4003.34132800,USDC,...,...,Coinbase Pro - USDC,0xe41358c021479352336d2005ec0745790ae23633,,,3.34132800,USDC,...,
10/01/2021 12:26:23,Send,,,,...,...,,,,,4003.34132800,USDC,...,...,Coinbase - USDC Wallet,0xE41358C021479352336D2005eC0745790aE23633,,Sent USD Coin To USD Coin address,3.34132800,USDC,...,
10/02/2021 23:31:37,Trade,,100.00000000,ADA,...,...,Coinbase Pro - ADA,,,,226.12500000,USDC,...,...,Coinbase Pro - USDC,,,,1.12500000,USDC,...,
10/03/2021 20:23:51,Receive,41f11b1dade305c16da358e0d6ec60879ff7a917b28005377726e979437b93bf,0.02900000,ETH,...,...,ETH Wallet ...50a3d5 - ETH,0xedc5dfee8d76c45bf367194a4c7bb808d350a3d5,,,,,...,...,,,,,,,...,
10/03/2021 20:23:56,Transfer,41f11b1dade305c16da358e0d6ec60879ff7a917b28005377726e979437b93bf,0.03114200,ETH,...,...,Coinbase - ETH Wallet,,,Transferred Ethereum From Coinbase Pro,0.03114200,ETH,...,...,Coinbase Pro - ETH,0xEdC5DfEE8d76c45BF367194A4c7Bb808d350a3d5,,,0.00214200,ETH,...,
10/03/2021 20:23:58,Send,,,,...,...,,,,,0.03114200,ETH,...,...,Coinbase - ETH Wallet,0xEdC5DfEE8d76c45BF367194A4c7Bb808d350a3d5,,Sent Ethereum To Ethereum address,0.00214200,ETH,...,
10/03/2021 20:25:34,Send,143590e50b1c0a91b5ad20f2baf40842b5a3721027f1749c2fd7b643c8f29147,,,...,...,,,,,0.01500000,ETH,...,...,ETH Wallet ...50a3d5 - ETH,0xedc5dfee8d76c45bf367194a4c7bb808d350a3d5,,,0.00174986,ETH,...,
10/03/2021 21:07:41,Receive,0x0c663c6076112202b5f44d227f4de3a59b6a7315bdfcd30cd98941dc0aebdf85,350000.00000000,LIL,...,...,ETH Wallet ...50a3d5 - ETH,0xedc5dfee8d76c45bf367194a4c7bb808d350a3d5,,,,,...,...,,,,,,,...,Disabled
10/04/2021 14:01:03,Sell,,500.00,USD,...,...,Coinbase Pro - USD,,,,500.00000000,USDC,...,...,Coinbase Pro - USDC,,,,,,...,
10/04/2021 14:02:25,Buy,,3.00000000,DOT,...,...,Coinbase Pro - DOT,,,,94.97,USD,...,...,Coinbase Pro - USD,,,,0.47,USD,...,
10/04/2021 14:05:59,Buy,,3.00000000,LINK,...,...,Coinbase Pro - LINK,,,,81.41,USD,...,...,Coinbase Pro - USD,,,,0.41,USD,...,
10/06/2021 13:33:10,Buy,,0.09091855,ETH,...,...,Coinbase Pro - ETH,,,,323.63,USD,...,...,Coinbase Pro - USD,,,,1.61,USD,...,
10/09/2021 19:56:14,Trade,,0.05000000,ETH,...,...,Coinbase Pro - ETH,,,,179.89500000,USDC,...,...,Coinbase Pro - USDC,,,,0.89500000,USDC,...,
10/11/2021 21:18:27,Sell,,1000.00,USD,...,...,Coinbase Pro - USD,,,,1000.00000000,USDC,...,...,Coinbase Pro - USDC,,,,,,...,
10/11/2021 21:26:05,Transfer,f57bcdcf13ca43d4d6c4f50304ecef6ea241058f59fd603c7985a0f43315cc24,0.10306600,ETH,...,...,Coinbase - ETH Wallet,,,Transferred Ethereum From Coinbase Pro,0.10306600,ETH,...,...,Coinbase Pro - ETH,0xEdC5DfEE8d76c45BF367194A4c7Bb808d350a3d5,,,0.00306600,ETH,...,
10/11/2021 21:26:07,Transfer,f57bcdcf13ca43d4d6c4f50304ecef6ea241058f59fd603c7985a0f43315cc24,0.10000000,ETH,...,...,ETH Wallet ...50a3d5 - ETH,0xedc5dfee8d76c45bf367194a4c7bb808d350a3d5,,,0.10306600,ETH,...,...,Coinbase - ETH Wallet,0xEdC5DfEE8d76c45BF367194A4c7Bb808d350a3d5,,Sent Ethereum To Ethereum address,0.00306600,ETH,...,
10/11/2021 23:04:46,Mint,0xceb1bbb092f08a7da0bebaee464968cd53553590b95e1f6b053dc66568d0322b,1.00000000,LILGUYS,...,...,ETH Wallet ...50a3d5 - ETH,0xedc5dfee8d76c45bf367194a4c7bb808d350a3d5,,,0.04500000,ETH,...,...,ETH Wallet ...50a3d5 - ETH,0xedc5dfee8d76c45bf367194a4c7bb808d350a3d5,,,0.01149470,ETH,...,
10/12/2021 00:33:06,Buy,,3.00000000,DOT,...,...,Coinbase Pro - DOT,,,,100.49,USD,...,...,Coinbase Pro - USD,,,,0.50,USD,...,
10/12/2021 02:48:07,Buy,,4.00000000,LINK,...,...,Coinbase Pro - LINK,,,,98.49,USD,...,...,Coinbase Pro - USD,,,,0.49,USD,...,
10/13/2021 05:39:04,Buy,,50.00000000,ADA,...,...,Coinbase Pro - ADA,,,,105.53,USD,...,...,Coinbase Pro - USD,,,,0.53,USD,...,
10/15/2021 12:21:13,Trade,,100.00000000,ADA,...,...,Coinbase Pro - ADA,,,,216.77850000,USDC,...,...,Coinbase Pro - USDC,,,,1.07850000,USDC,...,
10/15/2021 12:24:35,Trade,,100.00000000,ADA,...,...,Coinbase Pro - ADA,,,,216.57750000,USDC,...,...,Coinbase Pro - USDC,,,,1.07750000,USDC,...,
10/15/2021 12:34:31,Trade,,100.00000000,ADA,...,...,Coinbase Pro - ADA,,,,216.07500000,USDC,...,...,Coinbase Pro - USDC,,,,1.07500000,USDC,...,
10/15/2021 12:34:48,Trade,,0.05000000,ETH,...,...,Coinbase Pro - ETH,,,,189.69375000,USDC,...,...,Coinbase Pro - USDC,,,,0.94375000,USDC,...,
10/16/2021 12:39:38,Trade,,100.00000000,ADA,...,...,Coinbase Pro - ADA,,,,223.11000000,USDC,...,...,Coinbase Pro - USDC,,,,1.11000000,USDC,...,
10/16/2021 12:50:47,Buy,,0.00200000,BTC,...,...,Coinbase Pro - BTC,,,,122.61,USD,...,...,Coinbase Pro - USD,,,,0.61,USD,...,
10/17/2021 19:37:45,Trade,,100.00000000,ADA,...,...,Coinbase Pro - ADA,,,,215.57250000,USDC,...,...,Coinbase Pro - USDC,,,,1.07250000,USDC,...,
10/17/2021 20:21:41,Buy,,0.00300000,BTC,...,...,Coinbase Pro - BTC,,,,177.88,USD,...,...,Coinbase Pro - USD,,,,0.89,USD,...,
10/19/2021 04:46:48,Trade,,0.00200000,BTC,...,...,Coinbase Pro - BTC,,,,125.62500000,USDC,...,...,Coinbase Pro - USDC,,,,0.62500000,USDC,...,
10/19/2021 05:06:05,Buy,,5.00000000,LINK,...,...,Coinbase Pro - LINK,,,,130.65,USD,...,...,Coinbase Pro - USD,,,,0.65,USD,...,
10/19/2021 06:14:31,Buy,,3.00000000,DOT,...,...,Coinbase Pro - DOT,,,,123.61,USD,...,...,Coinbase Pro - USD,,,,0.61,USD,...,
10/19/2021 06:35:03,Trade,,0.05000000,ETH,...,...,Coinbase Pro - ETH,,,,190.95000000,USDC,...,...,Coinbase Pro - USDC,,,,0.95000000,USDC,...,
10/20/2021 01:49:06,Transfer,c2198b3ceea0e7df1483615f7411b40c20fd757a8350275463e9b34df6990d29,0.02671948,BTC,...,...,Coinbase - BTC Wallet,,,Transferred Bitcoin From Coinbase Pro,0.02671948,BTC,...,...,Coinbase Pro - BTC,36fYoRq78k7u1XPFhU8bgNkKhpubUesBvu,,,0.00000183,BTC,...,
10/20/2021 01:49:08,Send,,,,...,...,,,,,0.02671948,BTC,...,...,Coinbase - BTC Wallet,36fYoRq78k7u1XPFhU8bgNkKhpubUesBvu,,Sent Bitcoin To Bitcoin address,0.00000183,BTC,...,
10/20/2021 01:50:07,Transfer,63306691cfc378110d4893d5460f9fbb63644cc5b127bf637246dd3403f9a040,0.34936914,ETH,...,...,Coinbase - ETH Wallet,,,Transferred Ethereum From Coinbase Pro,0.34936914,ETH,...,...,Coinbase Pro - ETH,0xE41358C021479352336D2005eC0745790aE23633,,,0.00107100,ETH,...,
10/20/2021 01:50:08,Send,,,,...,...,,,,,0.34936914,ETH,...,...,Coinbase - ETH Wallet,0xE41358C021479352336D2005eC0745790aE23633,,Sent Ethereum To Ethereum address,0.00107100,ETH,...,
10/20/2021 01:53:02,Sell,,1500.00,USD,...,...,Coinbase Pro - USD,,,,1500.00000000,USDC,...,...,Coinbase Pro - USDC,,,,,,...,
10/25/2021 05:51:22,Buy,,23.15000000,LINK,...,...,Coinbase Pro - LINK,,,,709.61,USD,...,...,Coinbase Pro - USD,,,,3.53,USD,...,
10/25/2021 05:51:22,Buy,,3.51000000,LINK,...,...,Coinbase Pro - LINK,,,,107.59,USD,...,...,Coinbase Pro - USD,,,,0.54,USD,...,
10/25/2021 05:51:22,Buy,,23.32000000,LINK,...,...,Coinbase Pro - LINK,,,,714.82,USD,...,...,Coinbase Pro - USD,,,,3.56,USD,...,
10/26/2021 02:36:37,Sell,,2370.63,USD,...,...,Coinbase Pro - USD,,,,2370.63000000,USDC,...,...,Coinbase Pro - USDC,,,,,,...,
10/26/2021 12:33:45,Buy,,250.00000000,ADA,...,...,Coinbase Pro - ADA,,,,542.70,USD,...,...,Coinbase Pro - USD,,,,2.70,USD,...,
10/26/2021 23:44:54,Receive,,20000.00,USD,...,...,Coinbase - USD Wallet,,,Deposited funds From US Bank - Savings ********5401,,,...,...,,,,,,,...,
10/26/2021 23:44:56,Transfer,,20000.00,USD,...,...,Coinbase Pro - USD,,,,20000.00,USD,...,...,Coinbase - USD Wallet,,,Transferred funds To Coinbase Pro,,,...,
10/26/2021 23:45:37,Buy,,10000.00000000,USDC,...,...,Coinbase Pro - USDC,,,,10000.00,USD,...,...,Coinbase Pro - USD,,,,,,...,
10/26/2021 23:57:06,Send,,,,...,...,,,,,10000.00,USD,...,...,Coinbase Pro - USD,,,,,,...,
10/27/2021 13:15:33,Buy,,100.00000000,ADA,...,...,Coinbase Pro - ADA,,,,201.00,USD,...,...,Coinbase Pro - USD,,,,1.00,USD,...,
10/27/2021 13:27:16,Buy,,0.10000000,ETH,...,...,Coinbase Pro - ETH,,,,402.00,USD,...,...,Coinbase Pro - USD,,,,2.00,USD,...,
10/27/2021 13:27:38,Buy,,0.01000000,BTC,...,...,Coinbase Pro - BTC,,,,592.95,USD,...,...,Coinbase Pro - USD,,,,2.95,USD,...,
10/28/2021 03:29:14,Buy,,0.00800000,BTC,...,...,Coinbase Pro - BTC,,,,472.75,USD,...,...,Coinbase Pro - USD,,,,2.35,USD,...,
10/28/2021 13:29:12,Buy,,214.55000000,USDT,...,...,Coinbase Pro - USDT,,,,214.68,USD,...,...,Coinbase Pro - USD,,,,0.02,USD,...,
10/28/2021 13:31:28,Trade,,0.00019119,BTC,...,...,Coinbase Pro - BTC,,,,11.83796787,USDT,...,...,Coinbase Pro - USDT,,,,0.05889536,USDT,...,
10/28/2021 13:31:28,Trade,,0.00034208,BTC,...,...,Coinbase Pro - BTC,,,,21.17664292,USDT,...,...,Coinbase Pro - USDT,,,,0.10535643,USDT,...,
10/28/2021 13:31:28,Trade,,0.00013567,BTC,...,...,Coinbase Pro - BTC,,,,8.39988872,USDT,...,...,Coinbase Pro - USDT,,,,0.04179049,USDT,...,
10/28/2021 13:31:28,Trade,,0.00033421,BTC,...,...,Coinbase Pro - BTC,,,,20.69007787,USDT,...,...,Coinbase Pro - USDT,,,,0.10293571,USDT,...,
10/28/2021 13:31:28,Trade,,0.00246207,BTC,...,...,Coinbase Pro - BTC,,,,152.44536092,USDT,...,...,Coinbase Pro - USDT,,,,0.75843463,USDT,...,
10/28/2021 13:33:13,Transfer,2a2f7e9636687ae8cbd3517d5fd5a3a5f680a7cd7471798be55d3093f63a5ddc,0.00500102,BTC,...,...,Coinbase - BTC Wallet,,,Transferred Bitcoin From Coinbase Pro,0.00500102,BTC,...,...,Coinbase Pro - BTC,bc1qv3dk7eerwvc2727kt5ps4yqpxa2kl9ladmrk9y,,,0.00000102,BTC,...,
10/28/2021 13:33:15,Send,,,,...,...,,,,,0.00500102,BTC,...,...,Coinbase - BTC Wallet,bc1qv3dk7eerwvc2727kt5ps4yqpxa2kl9ladmrk9y,,Sent Bitcoin To Bitcoin address,0.00000102,BTC,...,
10/30/2021 17:21:50,Receive,,1000.00000000,ADA,...,...,Coinbase Pro - ADA,,,,,,...,...,,,,,,,...,
10/30/2021 17:30:13,Transfer,,0.01000000,BTC,...,...,Coinbase Pro - BTC,,,,0.01000000,BTC,...,...,Coinbase - BTC Wallet,,,,,BTC,...,
10/30/2021 17:30:13,Receive,,0.01000000,BTC,...,...,Coinbase Pro - BTC,,,,,,...,...,,,,,,,...,Disabled
10/30/2021 17:31:43,Transfer,778ee54cff5a1b79c6c60f4f1b552fd16d87c5a6d51ef89eba5ef5a68112f3f7,0.01000144,BTC,...,...,Coinbase - BTC Wallet,,,Transferred Bitcoin From Coinbase Pro,0.01000144,BTC,...,...,Coinbase Pro - BTC,34GNzJL3ynSxrhiaGGKxxjoXCxvbihdjrt,,,0.00000144,BTC,...,
10/30/2021 17:31:46,Send,,,,...,...,,,,,0.01000144,BTC,...,...,Coinbase - BTC Wallet,34GNzJL3ynSxrhiaGGKxxjoXCxvbihdjrt,,Sent Bitcoin To Bitcoin address,0.00000144,BTC,...,Disabled
10/30/2021 18:12:41,Transfer,fb9bdabf75d56c9a64b4052ae6db52aab6a56aaedf5bce1cd38c7b32992505ed,10000.00773400,USDC,...,...,Coinbase - USDC Wallet,,,Transferred USD Coin From Coinbase Pro,10000.00773400,USDC,...,...,Coinbase Pro - USDC,0xE41358C021479352336D2005eC0745790aE23633,,,18.72152900,USDC,...,
10/30/2021 18:12:43,Send,,,,...,...,,,,,10000.00773400,USDC,...,...,Coinbase - USDC Wallet,0xE41358C021479352336D2005eC0745790aE23633,,Sent USD Coin To USD Coin address,18.72152900,USDC,...,
11/02/2021 17:03:41,Receive,,6116.16,USD,...,...,Coinbase Pro - USD,,,,,,...,...,,,,,,,...,
11/02/2021 17:03:55,Receive,,10.00000000,LINK,...,...,Coinbase Pro - LINK,,,,,,...,...,,,,,,,...,
11/02/2021 17:04:11,Receive,,0.00500000,BTC,...,...,Coinbase Pro - BTC,,,,,,...,...,,,,,,,...,
11/02/2021 17:04:30,Receive,,5.00000000,DOT,...,...,Coinbase Pro - DOT,,,,,,...,...,,,,,,,...,
11/02/2021 17:34:55,Buy,,15.39955100,UNI,...,...,Coinbase Pro - UNI,,,,401.48,USD,...,...,Coinbase Pro - USD,,,,1.40,USD,...,
11/02/2021 17:35:19,Buy,,34.60044900,UNI,...,...,Coinbase Pro - UNI,,,,902.07,USD,...,...,Coinbase Pro - USD,,,,3.15,USD,...,
11/03/2021 23:05:56,Receive,,0.00197000,USDC,...,...,Coinbase - USDC Wallet,,,USD Coin reward From Coinbase,,,...,...,,,,,,,...,
11/10/2021 23:17:28,Buy,,10.00000000,LINK,...,...,Coinbase Pro - LINK,,,,341.19,USD,...,...,Coinbase Pro - USD,,,,1.19,USD,...,
11/10/2021 23:20:29,Buy,,3.94000000,DOT,...,...,Coinbase Pro - DOT,,,,183.85,USD,...,...,Coinbase Pro - USD,,,,0.64,USD,...,
11/10/2021 23:20:29,Buy,,3.06000000,DOT,...,...,Coinbase Pro - DOT,,,,142.79,USD,...,...,Coinbase Pro - USD,,,,0.50,USD,...,
11/12/2021 02:24:54,Sell,,97.47,USD,...,...,Coinbase - USD Wallet,,,Sold Bitcoin Using USD Wallet,0.00154547,BTC,...,...,Coinbase - BTC Wallet,,,Sold Bitcoin Using USD Wallet,2.99,USD,...,
11/16/2021 03:27:19,Buy,,0.01700000,BTC,...,...,Coinbase Pro - BTC,,,,1044.89,USD,...,...,Coinbase Pro - USD,,,,3.64,USD,...,
11/16/2021 03:32:16,Send,d64bd1c6108a9293d1011a03b23409e1c399a8b5a4cf57ead21ba022b376bcc4,,,...,...,,,,,0.00899365,BTC,...,...,Coinbase Pro - BTC,34GNzJL3ynSxrhiaGGKxxjoXCxvbihdjrt,,,0.00000165,BTC,...,
11/16/2021 13:44:12,Send,651a6018e46ca02e0cac9e45547238377e62d687025c00b2ae1a4e141bda41f1,,,...,...,,,,,0.01046911,BTC,...,...,Coinbase Pro - BTC,34GNzJL3ynSxrhiaGGKxxjoXCxvbihdjrt,,,0.00000139,BTC,...,
11/16/2021 14:09:36,Sell,,1769.00,USD,...,...,Coinbase Pro - USD,,,,0.02900000,BTC,...,...,Coinbase Pro - BTC,,,,6.19,USD,...,
11/18/2021 15:57:07,Sell,,199.01,USD,...,...,Coinbase Pro - USD,,,,0.04905580,ETH,...,...,Coinbase Pro - ETH,,,,0.70,USD,...,
11/18/2021 15:57:07,Sell,,5.25,USD,...,...,Coinbase Pro - USD,,,,0.00129371,ETH,...,...,Coinbase Pro - ETH,,,,0.02,USD,...,
11/18/2021 15:57:07,Sell,,607.08,USD,...,...,Coinbase Pro - USD,,,,0.14965049,ETH,...,...,Coinbase Pro - ETH,,,,2.12,USD,...,
11/19/2021 15:30:16,Buy,,37.00000000,LRC,...,...,Coinbase Pro - LRC,,,,100.25,USD,...,...,Coinbase Pro - USD,,,,0.35,USD,...,
11/23/2021 15:56:05,Buy,,10.00000000,AVAX,...,...,Coinbase Pro - AVAX,,,,1304.55,USD,...,...,Coinbase Pro - USD,,,,4.55,USD,...,
11/23/2021 15:57:01,Send,0x5e9c968674b301b634279e9ab6d8b1058205e0078fa9dd33a0cb2f0da2592fef,,,...,...,,,,,9.99960000,AVAX,...,...,Coinbase Pro - AVAX,0xEdC5DfEE8d76c45BF367194A4c7Bb808d350a3d5,,,0.01260000,AVAX,...,
11/24/2021 14:43:53,Buy,,191.97000000,ADA,...,...,Coinbase Pro - ADA,,,,308.23,USD,...,...,Coinbase Pro - USD,,,,1.08,USD,...,
11/24/2021 14:43:53,Buy,,8.03000000,ADA,...,...,Coinbase Pro - ADA,,,,12.89,USD,...,...,Coinbase Pro - USD,,,,0.04,USD,...,
11/26/2021 05:06:00,Buy,,200.00000000,CRO,...,...,Coinbase Pro - CRO,,,,151.03,USD,...,...,Coinbase Pro - USD,,,,0.53,USD,...,
11/26/2021 08:37:57,Buy,,0.01000000,BTC,...,...,Coinbase Pro - BTC,,,,551.92,USD,...,...,Coinbase Pro - USD,,,,1.93,USD,...,
11/26/2021 15:49:37,Buy,,0.05000000,ETH,...,...,Coinbase Pro - ETH,,,,203.96,USD,...,...,Coinbase Pro - USD,,,,0.71,USD,...,
11/26/2021 16:01:49,Buy,,6.00000000,DOT,...,...,Coinbase Pro - DOT,,,,213.75,USD,...,...,Coinbase Pro - USD,,,,0.75,USD,...,
11/26/2021 16:02:46,Buy,,125.00000000,ADA,...,...,Coinbase Pro - ADA,,,,194.43,USD,...,...,Coinbase Pro - USD,,,,0.68,USD,...,
11/28/2021 02:32:02,Buy,,10.00000000,LINK,...,...,Coinbase Pro - LINK,,,,235.82,USD,...,...,Coinbase Pro - USD,,,,0.82,USD,...,
11/30/2021 15:55:25,Buy,,200.00000000,CRO,...,...,Coinbase Pro - CRO,,,,140.49,USD,...,...,Coinbase Pro - USD,,,,0.49,USD,...,
12/01/2021 21:24:53,Buy,,5.00000000,AVAX,...,...,Coinbase Pro - AVAX,,,,592.07,USD,...,...,Coinbase Pro - USD,,,,2.06,USD,...,
12/02/2021 15:33:38,Send,0x61b3d84edd6be49322436a24098358b86fc0d7771986f322b7944e7bb67a8dd6,,,...,...,,,,,4.99960000,AVAX,...,...,Coinbase Pro - AVAX,0xEdC5DfEE8d76c45BF367194A4c7Bb808d350a3d5,,,0.01260000,AVAX,...,
12/02/2021 16:21:28,Send,945ca9efe7f1405e31dd7eea085a717cb43a804430e3580eaad616ad30075117,,,...,...,,,,,398.90395329,CRO,...,...,Coinbase Pro - CRO,0xbd7cDC67a73a52b41A5D9e8928e6aD7725EfF167,,,18.90395329,CRO,...,
12/03/2021 20:18:52,Buy,,0.01000000,BTC,...,...,Coinbase Pro - BTC,,,,531.86,USD,...,...,Coinbase Pro - USD,,,,1.85,USD,...,
12/04/2021 05:45:09,Receive,,10000.00,USD,...,...,Coinbase - USD Wallet,,,Deposited funds From US Bank - Savings ********5401,,,...,...,,,,,,,...,
12/04/2021 05:45:11,Transfer,,10000.00,USD,...,...,Coinbase Pro - USD,,,,10000.00,USD,...,...,Coinbase - USD Wallet,,,Transferred funds To Coinbase Pro,,,...,
12/04/2021 06:18:21,Buy,,0.02998134,ETH,...,...,Coinbase Pro - ETH,,,,115.70,USD,...,...,Coinbase Pro - USD,,,,0.58,USD,...,
12/04/2021 06:18:21,Buy,,0.01505715,ETH,...,...,Coinbase Pro - ETH,,,,58.11,USD,...,...,Coinbase Pro - USD,,,,0.29,USD,...,
12/04/2021 06:18:21,Buy,,0.00496151,ETH,...,...,Coinbase Pro - ETH,,,,19.15,USD,...,...,Coinbase Pro - USD,,,,0.10,USD,...,
12/04/2021 06:31:39,Buy,,5.00000000,DOT,...,...,Coinbase Pro - DOT,,,,140.70,USD,...,...,Coinbase Pro - USD,,,,0.70,USD,...,
12/04/2021 06:35:55,Buy,,8.00000000,LINK,...,...,Coinbase Pro - LINK,,,,155.17,USD,...,...,Coinbase Pro - USD,,,,0.77,USD,...,
12/06/2021 07:00:57,Buy,,380.00000000,CRO,...,...,Coinbase Pro - CRO,,,,210.04,USD,...,...,Coinbase Pro - USD,,,,1.04,USD,...,
12/06/2021 07:25:09,Buy,,5.00000000,AVAX,...,...,Coinbase Pro - AVAX,,,,402.00,USD,...,...,Coinbase Pro - USD,,,,2.00,USD,...,
12/06/2021 14:41:45,Send,bb2b5133e793e37a4bae16571b897c32993e9438b3b6ab6cf513f5f444435bfb,,,...,...,,,,,380.06971721,CRO,...,...,Coinbase Pro - CRO,0xbd7cDC67a73a52b41A5D9e8928e6aD7725EfF167,,,14.06971721,CRO,...,
12/10/2021 14:45:41,Buy,,15.00000000,UNI,...,...,Coinbase Pro - UNI,,,,243.46,USD,...,...,Coinbase Pro - USD,,,,1.21,USD,...,
12/10/2021 21:49:23,Buy,,150.00000000,ADA,...,...,Coinbase Pro - ADA,,,,188.44,USD,...,...,Coinbase Pro - USD,,,,0.94,USD,...,
12/12/2021 05:26:37,Buy,,1000.00000000,USDC,...,...,Coinbase Pro - USDC,,,,1000.00,USD,...,...,Coinbase Pro - USD,,,,,,...,
12/12/2021 05:48:59,Trade,,998.40000000,USDT,...,...,Coinbase Pro - USDT,,,,998.99908992,USDC,...,...,Coinbase Pro - USDC,,,,0.09988992,USDC,...,
12/12/2021 05:50:25,Send,d2770210164979621dc52d702c477a432251b029ec35c3fd5a8ade99bc212eaf,,,...,...,,,,,998.33735800,USDT,...,...,Coinbase Pro - USDT,0x7a746fe69521d026280bf7a4ea1639cc27c891bb,,,4.83735800,USDT,...,
12/13/2021 19:33:04,Buy,,0.05000000,ETH,...,...,Coinbase Pro - ETH,,,,185.93,USD,...,...,Coinbase Pro - USD,,,,0.93,USD,...,
12/15/2021 15:08:10,Buy,,20.00000000,DOT,...,...,Coinbase Pro - DOT,,,,502.50,USD,...,...,Coinbase Pro - USD,,,,2.50,USD,...,
12/20/2021 00:09:30,Buy,,200.00000000,LRC,...,...,Coinbase Pro - LRC,,,,409.04,USD,...,...,Coinbase Pro - USD,,,,2.04,USD,...,
12/20/2021 00:17:39,Buy,,0.01000000,BTC,...,...,Coinbase Pro - BTC,,,,464.81,USD,...,...,Coinbase Pro - USD,,,,2.31,USD,...,
12/20/2021 05:43:39,Buy,,15.00000000,UNI,...,...,Coinbase Pro - UNI,,,,218.59,USD,...,...,Coinbase Pro - USD,,,,1.09,USD,...,
12/26/2021 00:58:49,Buy,,0.01000000,BTC,...,...,Coinbase Pro - BTC,,,,506.52,USD,...,...,Coinbase Pro - USD,,,,2.52,USD,...,
12/27/2021 14:39:02,Send,8024060ac4855f49889a97f7c6deae2ba0a776deedd699e6c03c0041fa804a68,,,...,...,,,,,0.02000000,ETH,...,...,ETH Wallet ...50a3d5 - ETH,0xedc5dfee8d76c45bf367194a4c7bb808d350a3d5,,,0.00417776,ETH,...,
12/28/2021 05:28:25,Buy,,0.01000000,BTC,...,...,Coinbase Pro - BTC,,,,492.45,USD,...,...,Coinbase Pro - USD,,,,2.45,USD,...,
12/28/2021 10:30:43,Buy,,100.00000000,LRC,...,...,Coinbase Pro - LRC,,,,213.06,USD,...,...,Coinbase Pro - USD,,,,1.06,USD,...,
12/28/2021 17:14:09,Buy,,2.00000000,AVAX,...,...,Coinbase Pro - AVAX,,,,221.10,USD,...,...,Coinbase Pro - USD,,,,1.10,USD,...,
12/31/2021 12:34:52,Buy,,0.00195772,BTC,...,...,Coinbase - BTC Wallet,,,Bought Bitcoin Using USD Wallet,97.47,USD,...,...,Coinbase - USD Wallet,,,Bought Bitcoin Using USD Wallet,2.99,USD,...,
01/03/2022 11:51:05,Send,0xaeaa4ea26fb3ef5554696a295d2c9eab56e67323ba19e1d99c3ff4d751467d8b,,,...,...,,,,,5.01260000,AVAX,...,...,Coinbase Pro - AVAX,0xEdC5DfEE8d76c45BF367194A4c7Bb808d350a3d5,,,0.01260000,AVAX,...,
01/05/2022 19:45:13,Buy,,5.00000000,AVAX,...,...,Coinbase Pro - AVAX,,,,502.50,USD,...,...,Coinbase Pro - USD,,,,2.50,USD,...,
01/06/2022 02:29:26,Buy,,0.20000000,ETH,...,...,Coinbase Pro - ETH,,,,703.50,USD,...,...,Coinbase Pro - USD,,,,3.50,USD,...,
01/06/2022 03:48:09,Buy,,0.01000000,BTC,...,...,Coinbase Pro - BTC,,,,432.15,USD,...,...,Coinbase Pro - USD,,,,2.15,USD,...,
01/06/2022 09:55:41,Buy,,0.01000000,BTC,...,...,Coinbase Pro - BTC,,,,427.12,USD,...,...,Coinbase Pro - USD,,,,2.12,USD,...,
01/07/2022 02:46:37,Buy,,8000.00000000,XLM,...,...,Coinbase Pro - XLM,,,,2130.60,USD,...,...,Coinbase Pro - USD,,,,10.60,USD,...,
01/07/2022 02:51:35,Send,5354ea9a11188342301a6e30038f9bf7adf5e052e05fac4db1109d264bb473ec,,,...,...,,,,,8000.83200000,XLM,...,...,Coinbase Pro - XLM,GAJ4BSGJE6UQHZAZ5U5IUOABPDCYPKPS3RFS2NVNGFGFXGVQDLBQJW2P,,,0.00000000,XLM,...,
01/07/2022 06:32:29,Send,0x6b1c889018ba5ddd6eaaa235bf29f2d8761fe9311fb26747dcbdbb3c8eab32b9,,,...,...,,,,,6.98760000,AVAX,...,...,Coinbase Pro - AVAX,0xEdC5DfEE8d76c45BF367194A4c7Bb808d350a3d5,,,0.01260000,AVAX,...,
01/08/2022 00:00:16,Send,2a4867ab093d49a28a1611ddbe5fde2e76f1224bb5503e7a35911f7f8184e2e2,,,...,...,,,,,0.02527768,ETH,...,...,ETH Wallet ...50a3d5 - ETH,0xedc5dfee8d76c45bf367194a4c7bb808d350a3d5,,,0.00387662,ETH,...,
01/10/2022 16:24:32,Receive,,20000.00,USD,...,...,Coinbase - USD Wallet,,,Deposited funds From US Bank - Savings ********5401,,,...,...,,,,,,,...,
01/10/2022 16:24:34,Transfer,,20000.00,USD,...,...,Coinbase Pro - USD,,,,20000.00,USD,...,...,Coinbase - USD Wallet,,,Transferred funds To Coinbase Pro,,,...,
01/10/2022 17:27:04,Buy,,0.30000000,ETH,...,...,Coinbase Pro - ETH,,,,904.50,USD,...,...,Coinbase Pro - USD,,,,4.50,USD,...,
01/16/2022 18:42:23,Buy,,0.05000000,BTC,...,...,Coinbase Pro - BTC,,,,2160.75,USD,...,...,Coinbase Pro - USD,,,,10.75,USD,...,
01/18/2022 08:12:05,Buy,,20.00000000,DOT,...,...,Coinbase Pro - DOT,,,,502.50,USD,...,...,Coinbase Pro - USD,,,,2.50,USD,...,
01/18/2022 16:14:34,Buy,,20.00000000,UNI,...,...,Coinbase Pro - UNI,,,,321.60,USD,...,...,Coinbase Pro - USD,,,,1.60,USD,...,
01/20/2022 23:54:49,Buy,,0.30000000,ETH,...,...,Coinbase Pro - ETH,,,,903.15,USD,...,...,Coinbase Pro - USD,,,,3.15,USD,...,
01/21/2022 00:03:42,Buy,,0.01000000,BTC,...,...,Coinbase Pro - BTC,,,,407.02,USD,...,...,Coinbase Pro - USD,,,,2.02,USD,...,
01/21/2022 01:41:15,Buy,,0.01000000,BTC,...,...,Coinbase Pro - BTC,,,,402.00,USD,...,...,Coinbase Pro - USD,,,,2.00,USD,...,
01/21/2022 01:58:56,Buy,,0.50000000,ETH,...,...,Coinbase Pro - ETH,,,,1457.25,USD,...,...,Coinbase Pro - USD,,,,7.25,USD,...,
01/21/2022 11:06:46,Buy,,1.17000000,ATOM,...,...,Coinbase Pro - ATOM,,,,43.44,USD,...,...,Coinbase Pro - USD,,,,0.15,USD,...,
01/21/2022 11:06:46,Buy,,13.83000000,ATOM,...,...,Coinbase Pro - ATOM,,,,513.50,USD,...,...,Coinbase Pro - USD,,,,1.79,USD,...,
01/21/2022 12:33:49,Buy,,0.50000000,ETH,...,...,Coinbase Pro - ETH,,,,1404.90,USD,...,...,Coinbase Pro - USD,,,,4.90,USD,...,
01/21/2022 12:37:28,Buy,,0.05000000,BTC,...,...,Coinbase Pro - BTC,,,,1909.50,USD,...,...,Coinbase Pro - USD,,,,9.50,USD,...,
01/21/2022 20:28:53,Buy,,15.00000000,ATOM,...,...,Coinbase Pro - ATOM,,,,526.84,USD,...,...,Coinbase Pro - USD,,,,1.84,USD,...,
01/21/2022 21:33:20,Buy,,2.14400000,AVAX,...,...,Coinbase Pro - AVAX,,,,150.83,USD,...,...,Coinbase Pro - USD,,,,0.75,USD,...,
01/21/2022 21:33:28,Buy,,2.85600000,AVAX,...,...,Coinbase Pro - AVAX,,,,200.92,USD,...,...,Coinbase Pro - USD,,,,1.00,USD,...,
01/21/2022 21:47:25,Buy,,20.00000000,DOT,...,...,Coinbase Pro - DOT,,,,402.00,USD,...,...,Coinbase Pro - USD,,,,2.00,USD,...,
01/22/2022 03:08:36,Send,db8f26a9b8c81400f78fe9e0899d789ff5d741db48342ed31d0d7d708d5a0db2,,,...,...,,,,,0.10000202,BTC,...,...,Coinbase Pro - BTC,36fYoRq78k7u1XPFhU8bgNkKhpubUesBvu,,,0.00000202,BTC,...,
01/22/2022 03:09:28,Send,0509ef05106cc6dfa95c5a2a5539ccc1d780d651016df83dc31db976674fcb73,,,...,...,,,,,1.00205800,ETH,...,...,Coinbase Pro - ETH,0xE41358C021479352336D2005eC0745790aE23633,,,0.00205800,ETH,...,
01/22/2022 05:37:36,Buy,,5.00000000,AVAX,...,...,Coinbase Pro - AVAX,,,,326.14,USD,...,...,Coinbase Pro - USD,,,,1.14,USD,...,
01/22/2022 07:29:12,Buy,,5.00000000,AVAX,...,...,Coinbase Pro - AVAX,,,,301.05,USD,...,...,Coinbase Pro - USD,,,,1.05,USD,...,
01/23/2022 16:19:30,Trade,,0.00627000,BTC,...,...,Coinbase Pro - BTC,,,,200.00000000,ADA,...,...,Coinbase Pro - ADA,,,,0.00002195,BTC,...,
01/23/2022 16:21:44,Trade,,0.09080000,ETH,...,...,Coinbase Pro - ETH,,,,200.00000000,ADA,...,...,Coinbase Pro - ADA,,,,0.00031780,ETH,...,
01/24/2022 10:51:04,Buy,,30.00000000,LINK,...,...,Coinbase Pro - LINK,,,,422.10,USD,...,...,Coinbase Pro - USD,,,,2.10,USD,...,
01/24/2022 19:59:40,Trade,,0.01400000,WBTC,...,...,Coinbase Pro - WBTC,,,,0.01400840,BTC,...,...,Coinbase Pro - BTC,,,,,,...,
01/24/2022 20:02:06,Receive,0xd009590f93dad98ffc0d67bebf6f04d8c9a0bc373ad2358df1522cd210459f16,0.00140000,WBTC,...,...,ETH Wallet ...50a3d5 - ETH,0xedc5dfee8d76c45bf367194a4c7bb808d350a3d5,,,,,...,...,,,,,,,...,
01/24/2022 20:02:46,Send,d009590f93dad98ffc0d67bebf6f04d8c9a0bc373ad2358df1522cd210459f16,,,...,...,,,,,0.00161047,WBTC,...,...,Coinbase Pro - WBTC,0xEdC5DfEE8d76c45BF367194A4c7Bb808d350a3d5,,,0.00021047,WBTC,...,
01/24/2022 20:05:36,Transfer,de9901e5540e6b71227447ad58ea420e627a41fdd2942ae470e252050ecf1e1a,0.10000000,ETH,...,...,ETH Wallet ...50a3d5 - ETH,0xedc5dfee8d76c45bf367194a4c7bb808d350a3d5,,,0.10319200,ETH,...,...,Coinbase Pro - ETH,0xEdC5DfEE8d76c45BF367194A4c7Bb808d350a3d5,,,0.00319200,ETH,...,
01/24/2022 20:06:54,Send,0x7b4f1fd9c04470d4ffeb3195bf41ac53ab36d373eb55fb51a604f3f27d47922c,,,...,...,,,,,0.00140000,WBTC,...,...,ETH Wallet ...50a3d5 - ETH,0xedc5dfee8d76c45bf367194a4c7bb808d350a3d5,,,0.00529458,ETH,...,
01/24/2022 20:15:55,Receive,0xc914995883bb76920786da0c9d4cf0748c425a394dcfa992c0242f5475d8cb7b,235.00000000,FTM,...,...,ETH Wallet ...50a3d5 - ETH,0xedc5dfee8d76c45bf367194a4c7bb808d350a3d5,,,,,...,...,,,,,,,...,
01/24/2022 20:24:07,Send,1ffb2a7b4bcf4b192f674b125d7a18ca1e08d26d32486b6ff521431393b8b749,,,...,...,,,,,0.00000000,ETH,...,...,ETH Wallet ...50a3d5 - ETH,0xedc5dfee8d76c45bf367194a4c7bb808d350a3d5,,,0.00750644,ETH,...,
01/24/2022 20:24:30,Trade,0x8d3faf516a9d20db87aaa359eedb2a1183b91245e1b2ff8bc3d75d74221a135e,235.00000000,anyFTM,...,...,ETH Wallet ...50a3d5 - ETH,0xedc5dfee8d76c45bf367194a4c7bb808d350a3d5,,,,,...,...,,,,,,,...,
01/24/2022 20:24:30,Trade,0x8d3faf516a9d20db87aaa359eedb2a1183b91245e1b2ff8bc3d75d74221a135e,,,...,...,,,,,235.00000000,FTM,...,...,ETH Wallet ...50a3d5 - ETH,0xedc5dfee8d76c45bf367194a4c7bb808d350a3d5,,,,,...,
01/24/2022 20:24:30,Trade,0x8d3faf516a9d20db87aaa359eedb2a1183b91245e1b2ff8bc3d75d74221a135e,,,...,...,,,,,235.00000000,anyFTM,...,...,ETH Wallet ...50a3d5 - ETH,0xedc5dfee8d76c45bf367194a4c7bb808d350a3d5,,,,,...,
01/24/2022 20:24:30,Trade,0x8d3faf516a9d20db87aaa359eedb2a1183b91245e1b2ff8bc3d75d74221a135e,,,...,...,,,,,0.00000000,ETH,...,...,ETH Wallet ...50a3d5 - ETH,0xedc5dfee8d76c45bf367194a4c7bb808d350a3d5,,,0.01064607,ETH,...,
01/24/2022 20:35:36,Transfer,0x91cf91060c61e6ee1504aa0033bfdfaeaef68962e75f4f84b8b1a09b154f79ab,0.01218629,WBTC,...,...,ETH Wallet ...50a3d5 - ETH,0xedc5dfee8d76c45bf367194a4c7bb808d350a3d5,,,0.01238952,WBTC,...,...,Coinbase Pro - WBTC,0xEdC5DfEE8d76c45BF367194A4c7Bb808d350a3d5,,,0.00020323,WBTC,...,
01/24/2022 20:36:10,Send,0x5629e169ba91beade4ed8b8c988ae2fab8134b620acab338214f04315823dd05,,,...,...,,,,,0.01218629,WBTC,...,...,ETH Wallet ...50a3d5 - ETH,0xedc5dfee8d76c45bf367194a4c7bb808d350a3d5,,,0.00448926,ETH,...,
01/28/2022 13:20:17,Buy,,5305.00000000,XLM,...,...,Coinbase Pro - XLM,,,,1024.79,USD,...,...,Coinbase Pro - USD,,,,3.57,USD,...,
01/28/2022 13:20:17,Buy,,9695.00000000,XLM,...,...,Coinbase Pro - XLM,,,,1872.82,USD,...,...,Coinbase Pro - USD,,,,6.53,USD,...,
01/28/2022 13:21:02,Send,34689094bf0c9de62d5dd33bcb8fe57885cc1cb73edf595845e21d37ac95e5ee,,,...,...,,,,,15000.00000000,XLM,...,...,Coinbase Pro - XLM,GAJ4BSGJE6UQHZAZ5U5IUOABPDCYPKPS3RFS2NVNGFGFXGVQDLBQJW2P,,,0.00000000,XLM,...,
01/31/2022 14:31:46,Buy,,250.00000000,LRC,...,...,Coinbase Pro - LRC,,,,240.84,USD,...,...,Coinbase Pro - USD,,,,0.84,USD,...,
02/05/2022 16:29:02,Buy,,200.00000000,LRC,...,...,Coinbase Pro - LRC,,,,198.69,USD,...,...,Coinbase Pro - USD,,,,0.69,USD,...,
02/05/2022 16:45:08,Buy,,0.01000000,BTC,...,...,Coinbase Pro - BTC,,,,416.45,USD,...,...,Coinbase Pro - USD,,,,1.45,USD,...,
02/05/2022 16:59:31,Buy,,0.30000000,ETH,...,...,Coinbase Pro - ETH,,,,903.15,USD,...,...,Coinbase Pro - USD,,,,3.15,USD,...,
02/06/2022 14:51:31,Buy,,2.50000000,AVAX,...,...,Coinbase Pro - AVAX,,,,188.16,USD,...,...,Coinbase Pro - USD,,,,0.66,USD,...,
02/10/2022 13:30:43,Buy,,15.00000000,ATOM,...,...,Coinbase Pro - ATOM,,,,451.57,USD,...,...,Coinbase Pro - USD,,,,1.57,USD,...,
02/10/2022 15:26:01,Transfer,,1000.00,USD,...,...,Coinbase - USD Wallet,,,Transferred funds From Coinbase Pro,1000.00,USD,...,...,Coinbase Pro - USD,,,,,,...,
02/10/2022 16:54:59,Transfer,0x221644eddb717fa4de58d7ad66a23abf876813c722715e140490e49a5b8842bd,99.40885200,UNI,...,...,ETH Wallet ...50a3d5 - ETH,0xedc5dfee8d76c45bf367194a4c7bb808d350a3d5,,,99.99999996,UNI,...,...,Coinbase Pro - UNI,0xEdC5DfEE8d76c45BF367194A4c7Bb808d350a3d5,,,0.59114796,UNI,...,
02/11/2022 02:15:02,Trade,0x678a9c55bb69e2d5c65cda390e2351631342f51550d391e31a00ed7e2854a679,1.43774405,BTRFLY,...,...,ETH Wallet ...50a3d5 - ETH,0xedc5dfee8d76c45bf367194a4c7bb808d350a3d5,,,,,...,...,,,,,,,...,
02/11/2022 02:15:02,Trade,0x678a9c55bb69e2d5c65cda390e2351631342f51550d391e31a00ed7e2854a679,,,...,...,,,,,99.40885200,UNI,...,...,ETH Wallet ...50a3d5 - ETH,0xedc5dfee8d76c45bf367194a4c7bb808d350a3d5,,,,,...,
02/11/2022 02:15:02,Trade,0x678a9c55bb69e2d5c65cda390e2351631342f51550d391e31a00ed7e2854a679,,,...,...,,,,,0.00000000,ETH,...,...,ETH Wallet ...50a3d5 - ETH,0xedc5dfee8d76c45bf367194a4c7bb808d350a3d5,,,0.02529987,ETH,...,
02/11/2022 18:54:08,Buy,,43.84664100,LRC,...,...,Coinbase - LRC Wallet,,,,44.99,USD,...,...,Coinbase - USD Wallet,,,,0.18,USD,...,
02/11/2022 19:21:31,Sell,,106.00,USD,...,...,Coinbase - USD Wallet,,,,100.00000000,LRC,...,...,Coinbase - LRC Wallet,,,,0.37,USD,...,
02/11/2022 21:25:25,Buy,,102.00000000,LRC,...,...,Coinbase Pro - LRC,,,,100.82,USD,...,...,Coinbase Pro - USD,,,,0.35,USD,...,
02/11/2022 23:43:47,Buy,,106.46000000,LRC,...,...,Coinbase - LRC Wallet,,,,99.59,USD,...,...,Coinbase - USD Wallet,,,,0.35,USD,...,
02/12/2022 02:28:22,Sell,,104.33,USD,...,...,Coinbase - USD Wallet,,,,106.46712900,LRC,...,...,Coinbase - LRC Wallet,,,,0.37,USD,...,
02/14/2022 00:03:15,Send,6CF10A048A0675FDD17D350C510B668E9F5832B0FAC52E1973E7CD7E34CAC350,,,...,...,,,,,1.00250000,ATOM,...,...,Coinbase Pro - ATOM,cosmos1k9hqgkzuqqgturdahg9f3qsscj85nxwt8xn4kr,,,0.00250000,ATOM,...,
02/14/2022 00:04:29,Send,8FBF3ABB25D06D9017194368C5B8532AD23E3BC8E206F29869F3E565CCF1A1B3,,,...,...,,,,,43.99750000,ATOM,...,...,Coinbase Pro - ATOM,cosmos1k9hqgkzuqqgturdahg9f3qsscj85nxwt8xn4kr,,,0.00250000,ATOM,...,
02/14/2022 17:45:36,Send,71a89322acccc3e11153e37574c44b06511b662d81faf89adf6d2d27da15def2,,,...,...,,,,,0.01000000,ETH,...,...,ETH Wallet ...50a3d5 - ETH,0xedc5dfee8d76c45bf367194a4c7bb808d350a3d5,,,0.00176857,ETH,...,
02/16/2022 05:28:07,Send,8ed89f7b362fd76e012ac52a7869386e433638f0d7a66e4d282b3175c47fe409,,,...,...,,,,,0.00000000,ETH,...,...,ETH Wallet ...50a3d5 - ETH,0xedc5dfee8d76c45bf367194a4c7bb808d350a3d5,,,0.00312684,ETH,...,
02/16/2022 05:30:16,Trade,0xb7870736590f61ee99d719eb11502b70ce25f5770d7271f87d7f26d84cb6ef55,1.43774405,xBTRFLY,...,...,ETH Wallet ...50a3d5 - ETH,0xedc5dfee8d76c45bf367194a4c7bb808d350a3d5,,,,,...,...,,,,,,,...,
02/16/2022 05:30:16,Trade,0xb7870736590f61ee99d719eb11502b70ce25f5770d7271f87d7f26d84cb6ef55,,,...,...,,,,,1.43774405,BTRFLY,...,...,ETH Wallet ...50a3d5 - ETH,0xedc5dfee8d76c45bf367194a4c7bb808d350a3d5,,,,,...,
02/16/2022 05:30:16,Trade,0xb7870736590f61ee99d719eb11502b70ce25f5770d7271f87d7f26d84cb6ef55,,,...,...,,,,,0.00000000,ETH,...,...,ETH Wallet ...50a3d5 - ETH,0xedc5dfee8d76c45bf367194a4c7bb808d350a3d5,,,0.01006138,ETH,...,
02/16/2022 15:31:01,Buy,,41.24717000,LRC,...,...,Coinbase - LRC Wallet,,,,39.18,USD,...,...,Coinbase - USD Wallet,,,,0.14,USD,...,
02/16/2022 19:22:39,Sell,,103.42,USD,...,...,Coinbase - USD Wallet,,,,105.53406200,LRC,...,...,Coinbase - LRC Wallet,,,,0.36,USD,...,
02/17/2022 04:38:59,Buy,,105.28541200,LRC,...,...,Coinbase - LRC Wallet,,,,99.59,USD,...,...,Coinbase - USD Wallet,,,,0.35,USD,...,
02/17/2022 13:57:11,Buy,,107.29290100,LRC,...,...,Coinbase - LRC Wallet,,,,99.48,USD,...,...,Coinbase - USD Wallet,,,,0.40,USD,...,
02/20/2022 21:48:40,Buy,,0.06193703,ETH,...,...,Coinbase Pro - ETH,,,,161.10,USD,...,...,Coinbase Pro - USD,,,,0.56,USD,...,
02/20/2022 21:48:41,Buy,,0.02000000,ETH,...,...,Coinbase Pro - ETH,,,,52.02,USD,...,...,Coinbase Pro - USD,,,,0.18,USD,...,
02/20/2022 21:48:42,Buy,,0.00785894,ETH,...,...,Coinbase Pro - ETH,,,,20.44,USD,...,...,Coinbase Pro - USD,,,,0.07,USD,...,
02/20/2022 21:48:42,Buy,,0.01020000,ETH,...,...,Coinbase Pro - ETH,,,,26.53,USD,...,...,Coinbase Pro - USD,,,,0.09,USD,...,
02/20/2022 21:48:43,Buy,,0.00000403,ETH,...,...,Coinbase Pro - ETH,,,,0.01,USD,...,...,Coinbase Pro - USD,,,,0.00,USD,...,
02/24/2022 03:47:07,Trade,,0.33500000,ETH,...,...,Coinbase Pro - ETH,,,,1000.00000000,ADA,...,...,Coinbase Pro - ADA,,,,0.00167500,ETH,...,
02/24/2022 04:10:53,Send,85295a30d123de6c1bab5f5480f02930f25136555fbcbfa2d4464222278bf325,,,...,...,,,,,0.00500103,BTC,...,...,Coinbase Pro - BTC,bc1qh530ragzc0tmvnhp87fgjzgfltmjd473akm6fc,,,0.00000103,BTC,...,
02/24/2022 04:15:37,Send,e448b8b479778256d22049c2445697212a5de0c9590048dcd30f398540ea4908,,,...,...,,,,,0.08723660,BTC,...,...,Coinbase Pro - BTC,bc1qaspw4na7v9y8wkmjmyw6904307lv073738m7ff,,,0.00000103,BTC,...,
02/24/2022 04:22:35,Transfer,3ac196b6cf48de2f1e8be59fb61b6725dba56317bd6c1f1c75d3ebc705e15bcb,1.00000000,ETH,...,...,ETH Wallet ...C8859C - ETH,0xb53eFe6ded3a59c2cb6A2AF1B1AD0ffF7bC8859C,,,1.00363300,ETH,...,...,Coinbase Pro - ETH,0xb53eFe6ded3a59c2cb6A2AF1B1AD0ffF7bC8859C,,,0.00363300,ETH,...,
02/24/2022 04:26:08,Transfer,005b3c26ae0236d64e9096b8ccb1ffbc2ee917bd8bae4f6ea26df7b0a00df657,0.50000000,ETH,...,...,ETH Wallet ...50a3d5 - ETH,0xedc5dfee8d76c45bf367194a4c7bb808d350a3d5,,,0.50363300,ETH,...,...,Coinbase Pro - ETH,0xEdC5DfEE8d76c45BF367194A4c7Bb808d350a3d5,,,0.00363300,ETH,...,
02/25/2022 16:10:44,Send,0x96690c2a27e92b60c6ea7ff1780c41ad104f279bcead72a80632e12df430e02d,,,...,...,,,,,17.50060000,AVAX,...,...,Coinbase Pro - AVAX,0xEdC5DfEE8d76c45BF367194A4c7Bb808d350a3d5,,,0.01260000,AVAX,...,
03/03/2022 15:49:47,Buy,,5.00000000,ATOM,...,...,Coinbase Pro - ATOM,,,,159.90,USD,...,...,Coinbase Pro - USD,,,,0.95,USD,...,
03/03/2022 23:49:18,Send,BD1FA41AD3A85B8F8E0ACD1C751FA520F0B37EFFC660F2CF9893BE3BE8CB1745,,,...,...,,,,,5.00000000,ATOM,...,...,Coinbase Pro - ATOM,cosmos1k9hqgkzuqqgturdahg9f3qsscj85nxwt8xn4kr,,,0.00250000,ATOM,...,
03/07/2022 01:51:53,Buy,,10.00000000,ATOM,...,...,Coinbase Pro - ATOM,,,,281.12,USD,...,...,Coinbase Pro - USD,,,,1.12,USD,...,
03/14/2022 03:19:31,Buy,,500.00000000,USDC,...,...,Coinbase Pro - USDC,,,,500.00,USD,...,...,Coinbase Pro - USD,,,,,,...,
03/14/2022 03:23:17,Transfer,0x693b4e6f0b524a1c4959d86a81f785ff9397bbbb1d4f4d08c43949d0615829eb,496.48553700,USDC,...,...,ETH Wallet ...50a3d5 - ETH,0xedc5dfee8d76c45bf367194a4c7bb808d350a3d5,,,501.00091000,USDC,...,...,Coinbase Pro - USDC,0xEdC5DfEE8d76c45BF367194A4c7Bb808d350a3d5,,,4.51537300,USDC,...,
03/14/2022 03:24:42,Send,e6b25c3f22bf7f7ccc093e6e1354171b1e9d26be747d69ed795aa08b452900a4,,,...,...,,,,,0.00000000,ETH,...,...,ETH Wallet ...50a3d5 - ETH,0xedc5dfee8d76c45bf367194a4c7bb808d350a3d5,,,0.00145302,ETH,...,
03/14/2022 03:25:57,Send,0xae6319252aa5007a911e19cd619ebd745350991e767c3d0f7c7bbbaedb4190c3,,,...,...,,,,,496.48553700,USDC,...,...,ETH Wallet ...50a3d5 - ETH,0xedc5dfee8d76c45bf367194a4c7bb808d350a3d5,,,0.00534813,ETH,...,

..., Indicates that a tax plan needs to be purchased for the corresponding tax year
